"","type","Freq"
"1","1",0.290322580645161
"2","2",0.129032258064516
"3","3",0.290322580645161
"4","4",0.290322580645161
